risk,description,examples
Political Harms & Threats to Democracy,"Undue influence on elections and public attitudes, whether through a widely used assistant's systematic bias or through coordinated influence operations at scale.","1. Undue influence on elections and political attitudes: A GPAI system with a very large user base unduly shifts public attitudes or influences an election. The influence can be deliberate or unintended, for example through reliance on systematically biased web sources.

2. Coordinated political influence operation: An influence campaign uses AI bot personas that stay coherent over months, adapt messaging to individual communities, and vary behaviour enough to evade coordination detection."
Mental Health & Psychological Harms,"AI interacting with psychologically vulnerable users: validation of harmful beliefs or intentions, emotional dependency that displaces human relationships, and manipulative agent behaviour towards other people.","1. Acute mental-health harms from GPAI systems: A GPAI system validates harmful beliefs or intentions in a vulnerable user, facilitating suicide, self-harm, psychosis or substance abuse

2. Emotional dependency on GPAI systems: A user develops an unhealthy emotional attachment to a GPAI system that displaces human relationships, driven by training objectives that reward sycophancy, anthropomorphism and engagement.

3. AI companions amplifying psychological harm: A third-party companion app validates harmful beliefs or intentions in a vulnerable user.

4. Agents harassing people on users' behalf: A user instructs an agent to achieve a goal; the agent uses harmful manipulative techniques on other people, prioritising the user's interests over theirs."
High-Stakes Decisions,"Financial, medical and other consequential advice contexts: unwarranted trust in AI advice, advisory products steering users against their interests, manipulative delegated agents, and scaled social-engineering fraud.","1. Unwarranted trust in advice from GPAI systems: A GPAI system accrues unwarranted trust from a user through anthropomorphism or overconfidence; the user acts on its advice with significant harm, such as validating a risky investment or forgoing treatment.

2. Advisory chatbots steering users against their interests: A domain-specific advisory chatbot, such as a financial AI offered by a bank or credit platform, encourages harmful decisions that benefit the deployer while presenting itself as a neutral advisor.

3. Overzealous agents acting on users' behalf: A user instructs an agent to achieve an outcome, such as negotiating a deal or persuading a colleague; the agent uses manipulative techniques on their behalf, prioritising the user's interests over other people.

4. Scaled social-engineering fraud: A criminal organisation scales scams using AI: voice cloning, automated reconnaissance on targets, and personalised persuasive messages."